{
  "model": "logistic_regression_gd",
  "features": [
    "invoice_amount",
    "days_to_due",
    "client_late_ratio_90d",
    "client_invoice_count_90d",
    "business_late_ratio_30d",
    "month",
    "weekday",
    "is_month_end"
  ],
  "weights": [
    0.12102832692569183,
    -0.09546236633283549,
    0.4473241022092673,
    -0.03211970310483718,
    0.04657481823491206,
    0.021522507384051,
    -0.017864967098872468,
    0.09856063829552474
  ],
  "bias": -0.03133933409049495,
  "means": [
    7081.570581550802,
    33.537098930481285,
    0.28781764120989306,
    25.546958556149733,
    0.14472367997994653,
    6.328375668449198,
    2.4849598930481283,
    0.029411764705882353
  ],
  "stds": [
    4011.027770185304,
    15.566109685087687,
    0.15294873845284446,
    14.38289892632985,
    0.0352222827580524,
    3.484393725495769,
    1.8000225781400332,
    0.1689577248981773
  ],
  "thresholds": {
    "high": 0.7,
    "medium": 0.4
  }
}