{
  "model": "linear_regression_gd",
  "features": [
    "lag_1",
    "lag_7",
    "rolling_mean_7",
    "inflow_paid",
    "outflow_approved",
    "paid_invoice_count",
    "approved_expense_count",
    "unpaid_due_7d",
    "unpaid_due_30d",
    "avg_invoice_amount_30d",
    "avg_expense_amount_30d",
    "day_of_week",
    "month",
    "is_month_end",
    "is_quarter_end"
  ],
  "weights": [
    0.06435197466724883,
    0.07812387501119783,
    0.23140700009071238,
    949.6777267375637,
    -696.9582894165327,
    0.27433558013586906,
    -0.15535705520808424,
    0.1903709586360959,
    0.2234145452316513,
    -0.04808053202717078,
    0.019388501339646723,
    -0.09291352036029615,
    -0.014063477023430894,
    0.02172997871776279,
    0.024772959116613574
  ],
  "bias": 491.2053959197781,
  "means": [
    491.07417704011067,
    489.3534379322269,
    490.70694854030825,
    1693.4979815006914,
    1202.2925646179115,
    8.322376383125864,
    7.873832987551867,
    255.3717196144537,
    521.3973076590595,
    227.19948240836789,
    175.17749589384508,
    3.0069156293222683,
    6.550484094052559,
    0.03319502074688797,
    0.011065006915629323
  ],
  "stds": [
    549.8088481160544,
    547.284370709219,
    400.4019751088316,
    951.1793610497331,
    697.8054194785028,
    5.435558828820847,
    5.597134832245551,
    183.11482427119267,
    358.9258248196572,
    78.89700486904437,
    65.06354550234481,
    2.001716214500284,
    3.4554880139191595,
    0.17914550327736847,
    0.10460675187379827
  ]
}